policy,condition,seed,friction,max_height,reward_mean,fall_rate
A_ref,A_ref,42,0.2,0.0,45.930846752617505,0.0
A_ref,A_ref,42,0.2,0.05,22.10449702945305,0.02
A_ref,A_ref,42,0.2,0.1,11.740043220182415,0.06
A_ref,A_ref,42,0.2,0.15,12.091266744907479,0.1
A_ref,A_ref,42,0.3,0.0,53.83557435222552,0.04
A_ref,A_ref,42,0.3,0.05,26.99212239659857,0.02
A_ref,A_ref,42,0.3,0.1,12.430176609710324,0.12
A_ref,A_ref,42,0.3,0.15,12.89190211290028,0.14
A_ref,A_ref,42,0.5,0.0,60.307540532394775,0.06
A_ref,A_ref,42,0.5,0.05,37.718450235396155,0.12
A_ref,A_ref,42,0.5,0.1,13.850895594905596,0.14
A_ref,A_ref,42,0.5,0.15,9.661428276472725,0.2
A_ref,A_ref,42,0.8,0.0,69.72230035396525,0.2
A_ref,A_ref,42,0.8,0.05,52.30473736762767,0.12
A_ref,A_ref,42,0.8,0.1,12.012312212588732,0.42
A_ref,A_ref,42,0.8,0.15,7.923594297044911,0.12
A_ref,A_ref,42,1.0,0.0,72.00837987796403,0.28
A_ref,A_ref,42,1.0,0.05,44.66424317320925,0.22
A_ref,A_ref,42,1.0,0.1,12.221182770289015,0.32
A_ref,A_ref,42,1.0,0.15,8.849220227964688,0.06
A_seed42,A,42,0.2,0.0,41.75479512277525,0.0
A_seed42,A,42,0.2,0.05,23.74942478175741,0.0
A_seed42,A,42,0.2,0.1,11.415902249892243,0.1
A_seed42,A,42,0.2,0.15,14.022821560219164,0.14
A_seed42,A,42,0.3,0.0,52.40814301885664,0.02
A_seed42,A,42,0.3,0.05,26.582644917967265,0.02
A_seed42,A,42,0.3,0.1,12.036621049400418,0.18
A_seed42,A,42,0.3,0.15,12.711429009007988,0.22
A_seed42,A,42,0.5,0.0,53.26292231631233,0.16
A_seed42,A,42,0.5,0.05,35.714898310527204,0.14
A_seed42,A,42,0.5,0.1,14.370476973450277,0.12
A_seed42,A,42,0.5,0.15,9.409161338920239,0.14
A_seed42,A,42,0.8,0.0,66.24186871998245,0.2
A_seed42,A,42,0.8,0.05,46.34217112593819,0.24
A_seed42,A,42,0.8,0.1,14.874969497411511,0.22
A_seed42,A,42,0.8,0.15,8.609619418988004,0.1
A_seed42,A,42,1.0,0.0,71.04682537171291,0.28
A_seed42,A,42,1.0,0.05,40.534863606360744,0.18
A_seed42,A,42,1.0,0.1,11.996897817880381,0.32
A_seed42,A,42,1.0,0.15,8.677804012335837,0.08
B_seed42,B,42,0.2,0.0,76.16620563135716,0.98
B_seed42,B,42,0.2,0.05,79.20485337496036,0.98
B_seed42,B,42,0.2,0.1,87.27189120623632,0.56
B_seed42,B,42,0.2,0.15,70.26248328069575,0.02
B_seed42,B,42,0.3,0.0,75.25697973800358,0.98
B_seed42,B,42,0.3,0.05,90.43950349958381,1.0
B_seed42,B,42,0.3,0.1,95.00953998021913,0.46
B_seed42,B,42,0.3,0.15,73.65640864440357,0.02
B_seed42,B,42,0.5,0.0,92.38776482984656,0.96
B_seed42,B,42,0.5,0.05,112.96432596248808,0.6
B_seed42,B,42,0.5,0.1,105.44090118854656,0.08
B_seed42,B,42,0.5,0.15,65.3655416532862,0.08
B_seed42,B,42,0.8,0.0,104.80890526326606,0.18
B_seed42,B,42,0.8,0.05,104.27642323756358,0.16
B_seed42,B,42,0.8,0.1,79.02527901321999,0.12
B_seed42,B,42,0.8,0.15,50.651379277582166,0.02
B_seed42,B,42,1.0,0.0,88.35965917677851,0.34
B_seed42,B,42,1.0,0.05,89.13611564378022,0.18
B_seed42,B,42,1.0,0.1,66.58824967289227,0.1
B_seed42,B,42,1.0,0.15,42.355894700688076,0.04
B2000_seed42,B2000,42,0.2,0.0,76.21251284790807,0.98
B2000_seed42,B2000,42,0.2,0.05,80.37444844568265,0.96
B2000_seed42,B2000,42,0.2,0.1,84.97651350030094,0.6
B2000_seed42,B2000,42,0.2,0.15,69.73966680888901,0.04
B2000_seed42,B2000,42,0.3,0.0,77.41510969505296,1.0
B2000_seed42,B2000,42,0.3,0.05,86.83695539871697,0.92
B2000_seed42,B2000,42,0.3,0.1,98.24401935018949,0.52
B2000_seed42,B2000,42,0.3,0.15,68.59233723448357,0.12
B2000_seed42,B2000,42,0.5,0.0,92.10966921314365,0.94
B2000_seed42,B2000,42,0.5,0.05,110.40732347676996,0.48
B2000_seed42,B2000,42,0.5,0.1,101.50524164314498,0.08
B2000_seed42,B2000,42,0.5,0.15,63.545912709541156,0.08
B2000_seed42,B2000,42,0.8,0.0,104.14477429079358,0.18
B2000_seed42,B2000,42,0.8,0.05,101.07344340216369,0.2
B2000_seed42,B2000,42,0.8,0.1,75.02435375873115,0.12
B2000_seed42,B2000,42,0.8,0.15,48.62130758753512,0.08
B2000_seed42,B2000,42,1.0,0.0,87.17570435378933,0.26
B2000_seed42,B2000,42,1.0,0.05,83.751500787572,0.32
B2000_seed42,B2000,42,1.0,0.1,63.379950946393656,0.2
B2000_seed42,B2000,42,1.0,0.15,43.66937657720409,0.04
C_seed42,C,42,0.2,0.0,47.56657714408357,0.02
C_seed42,C,42,0.2,0.05,38.984908157596365,0.04
C_seed42,C,42,0.2,0.1,30.08435512600816,0.08
C_seed42,C,42,0.2,0.15,34.26008648465271,0.06
C_seed42,C,42,0.3,0.0,53.41746136062313,0.02
C_seed42,C,42,0.3,0.05,42.64019691504771,0.08
C_seed42,C,42,0.3,0.1,32.510264201094394,0.06
C_seed42,C,42,0.3,0.15,34.00758191395667,0.08
C_seed42,C,42,0.5,0.0,62.51860088828718,0.04
C_seed42,C,42,0.5,0.05,45.59357436428545,0.2
C_seed42,C,42,0.5,0.1,34.15355253213784,0.12
C_seed42,C,42,0.5,0.15,31.58247594347922,0.08
C_seed42,C,42,0.8,0.0,61.75252853292273,0.22
C_seed42,C,42,0.8,0.05,45.003454734763366,0.2
C_seed42,C,42,0.8,0.1,24.256841441264843,0.36
C_seed42,C,42,0.8,0.15,19.81744702521828,0.2
C_seed42,C,42,1.0,0.0,55.50653461545939,0.26
C_seed42,C,42,1.0,0.05,42.8395177939476,0.28
C_seed42,C,42,1.0,0.1,21.68501468429924,0.44
C_seed42,C,42,1.0,0.15,20.832947866187897,0.08
D_seed42,D,42,0.2,0.0,73.71419207368395,0.98
D_seed42,D,42,0.2,0.05,80.85398450694862,0.92
D_seed42,D,42,0.2,0.1,84.14526654482586,0.54
D_seed42,D,42,0.2,0.15,68.88252533279243,0.08
D_seed42,D,42,0.3,0.0,75.68207372123027,1.0
D_seed42,D,42,0.3,0.05,88.97402783658589,0.94
D_seed42,D,42,0.3,0.1,98.68251524021034,0.56
D_seed42,D,42,0.3,0.15,67.50213311606029,0.08
D_seed42,D,42,0.5,0.0,88.89669458719902,0.98
D_seed42,D,42,0.5,0.05,108.30361119292677,0.66
D_seed42,D,42,0.5,0.1,107.28998100508353,0.04
D_seed42,D,42,0.5,0.15,62.00721285966341,0.12
D_seed42,D,42,0.8,0.0,102.75245641640154,0.18
D_seed42,D,42,0.8,0.05,105.84159935474861,0.12
D_seed42,D,42,0.8,0.1,79.76232248239569,0.12
D_seed42,D,42,0.8,0.15,48.41955485670536,0.1
D_seed42,D,42,1.0,0.0,84.85787001296644,0.26
D_seed42,D,42,1.0,0.05,87.35803521978204,0.16
D_seed42,D,42,1.0,0.1,64.3767410920083,0.12
D_seed42,D,42,1.0,0.15,40.98056247046916,0.1
E0_seed42,E0,42,0.2,0.0,107.82074551471683,0.0
E0_seed42,E0,42,0.2,0.05,105.17958882568404,0.08
E0_seed42,E0,42,0.2,0.1,90.86249308302183,0.04
E0_seed42,E0,42,0.2,0.15,61.40486729886674,0.1
E0_seed42,E0,42,0.3,0.0,118.79289096807712,0.48
E0_seed42,E0,42,0.3,0.05,115.39812773455866,0.16
E0_seed42,E0,42,0.3,0.1,99.29370854779845,0.06
E0_seed42,E0,42,0.3,0.15,63.107726789603475,0.16
E0_seed42,E0,42,0.5,0.0,97.14872710331896,1.0
E0_seed42,E0,42,0.5,0.05,119.72563509817293,0.42
E0_seed42,E0,42,0.5,0.1,96.30022741877008,0.04
E0_seed42,E0,42,0.5,0.15,59.90220494341338,0.12
E0_seed42,E0,42,0.8,0.0,109.70855579457594,0.08
E0_seed42,E0,42,0.8,0.05,104.78788319485727,0.04
E0_seed42,E0,42,0.8,0.1,74.92814175073174,0.08
E0_seed42,E0,42,0.8,0.15,44.09045406356105,0.08
E0_seed42,E0,42,1.0,0.0,91.92148299954133,0.12
E0_seed42,E0,42,1.0,0.05,84.1635635728715,0.02
E0_seed42,E0,42,1.0,0.1,55.37578936835751,0.16
E0_seed42,E0,42,1.0,0.15,34.410036969175565,0.12
E_seed42,E,42,0.2,0.0,78.86717988996534,0.0
E_seed42,E,42,0.2,0.05,75.04437981684924,0.1
E_seed42,E,42,0.2,0.1,53.3849906425993,0.1
E_seed42,E,42,0.2,0.15,55.78418289293535,0.58
E_seed42,E,42,0.3,0.0,96.87315169669921,0.08
E_seed42,E,42,0.3,0.05,88.0985629182565,0.06
E_seed42,E,42,0.3,0.1,59.32544927554671,0.14
E_seed42,E,42,0.3,0.15,58.57255630272673,0.34
E_seed42,E,42,0.5,0.0,107.14874338808237,0.16
E_seed42,E,42,0.5,0.05,99.70016274933005,0.08
E_seed42,E,42,0.5,0.1,70.06383259401424,0.12
E_seed42,E,42,0.5,0.15,61.30176373593742,0.28
E_seed42,E,42,0.8,0.0,93.17804303280543,0.14
E_seed42,E,42,0.8,0.05,87.51441784465686,0.18
E_seed42,E,42,0.8,0.1,63.942848065008874,0.16
E_seed42,E,42,0.8,0.15,40.874044450069775,0.14
E_seed42,E,42,1.0,0.0,75.2398661166872,0.28
E_seed42,E,42,1.0,0.05,72.52140271262499,0.28
E_seed42,E,42,1.0,0.1,60.058882290066684,0.08
E_seed42,E,42,1.0,0.15,36.16846900961245,0.22
E2_seed42,E2,42,0.2,0.0,98.38874150652205,0.08
E2_seed42,E2,42,0.2,0.05,93.71202264185587,0.14
E2_seed42,E2,42,0.2,0.1,77.75506089212605,0.2
E2_seed42,E2,42,0.2,0.15,74.64129653031705,0.68
E2_seed42,E2,42,0.3,0.0,107.82230220724131,0.18
E2_seed42,E2,42,0.3,0.05,98.18296351488446,0.14
E2_seed42,E2,42,0.3,0.1,85.71356840358348,0.18
E2_seed42,E2,42,0.3,0.15,102.57986456733896,0.44
E2_seed42,E2,42,0.5,0.0,119.33533923500218,0.1
E2_seed42,E2,42,0.5,0.05,102.29049045288761,0.1
E2_seed42,E2,42,0.5,0.1,90.46689809882548,0.16
E2_seed42,E2,42,0.5,0.15,98.1053199736867,0.24
E2_seed42,E2,42,0.8,0.0,102.82246692124289,0.26
E2_seed42,E2,42,0.8,0.05,97.69928715482587,0.22
E2_seed42,E2,42,0.8,0.1,82.26342846013372,0.12
E2_seed42,E2,42,0.8,0.15,72.66016283028061,0.24
E2_seed42,E2,42,1.0,0.0,88.47617710663587,0.38
E2_seed42,E2,42,1.0,0.05,88.03195869399468,0.22
E2_seed42,E2,42,1.0,0.1,73.18464675619732,0.16
E2_seed42,E2,42,1.0,0.15,64.1722933059209,0.18
A_seed43,A,43,0.2,0.0,50.728906135957224,0.08
A_seed43,A,43,0.2,0.05,44.62149483468616,0.1
A_seed43,A,43,0.2,0.1,32.92339964481769,0.08
A_seed43,A,43,0.2,0.15,15.505861767274327,0.1
A_seed43,A,43,0.3,0.0,69.19903739554574,0.12
A_seed43,A,43,0.3,0.05,44.917994495143645,0.18
A_seed43,A,43,0.3,0.1,33.029644893694204,0.16
A_seed43,A,43,0.3,0.15,17.37439549215138,0.02
A_seed43,A,43,0.5,0.0,72.57895360732451,0.28
A_seed43,A,43,0.5,0.05,43.351460303869096,0.22
A_seed43,A,43,0.5,0.1,32.98098639013013,0.22
A_seed43,A,43,0.5,0.15,17.73728553816909,0.02
A_seed43,A,43,0.8,0.0,78.07023278642446,0.52
A_seed43,A,43,0.8,0.05,39.36770124564879,0.16
A_seed43,A,43,0.8,0.1,29.717191842510363,0.08
A_seed43,A,43,0.8,0.15,14.216353459858802,0.02
A_seed43,A,43,1.0,0.0,58.91648266687756,0.46
A_seed43,A,43,1.0,0.05,33.006021982620005,0.18
A_seed43,A,43,1.0,0.1,26.466356984958985,0.08
A_seed43,A,43,1.0,0.15,13.577755243815481,0.0
B_seed43,B,43,0.2,0.0,102.15179410021636,0.78
B_seed43,B,43,0.2,0.05,105.81078179951291,0.38
B_seed43,B,43,0.2,0.1,89.86866315881954,0.04
B_seed43,B,43,0.2,0.15,58.70120798647636,0.18
B_seed43,B,43,0.3,0.0,105.87189537772676,0.92
B_seed43,B,43,0.3,0.05,117.26061784553342,0.44
B_seed43,B,43,0.3,0.1,103.00063348245341,0.04
B_seed43,B,43,0.3,0.15,70.45236045484664,0.1
B_seed43,B,43,0.5,0.0,135.87214306426992,0.4
B_seed43,B,43,0.5,0.05,137.91356293640564,0.06
B_seed43,B,43,0.5,0.1,108.64001985397422,0.04
B_seed43,B,43,0.5,0.15,66.16136662420351,0.08
B_seed43,B,43,0.8,0.0,113.25746604913613,0.08
B_seed43,B,43,0.8,0.05,107.57510638229316,0.12
B_seed43,B,43,0.8,0.1,80.31160951688653,0.16
B_seed43,B,43,0.8,0.15,52.33423662298824,0.14
B_seed43,B,43,1.0,0.0,90.74044035903178,0.16
B_seed43,B,43,1.0,0.05,89.12463927954668,0.08
B_seed43,B,43,1.0,0.1,70.79891206559492,0.04
B_seed43,B,43,1.0,0.15,46.18308760161395,0.08
B2000_seed43,B2000,43,0.2,0.0,110.33609955442836,0.4
B2000_seed43,B2000,43,0.2,0.05,110.56167927553412,0.2
B2000_seed43,B2000,43,0.2,0.1,90.50794105714013,0.0
B2000_seed43,B2000,43,0.2,0.15,63.02129642621847,0.14
B2000_seed43,B2000,43,0.3,0.0,120.70257959769107,0.66
B2000_seed43,B2000,43,0.3,0.05,126.64814877410768,0.26
B2000_seed43,B2000,43,0.3,0.1,101.25676337907323,0.08
B2000_seed43,B2000,43,0.3,0.15,61.26135871580569,0.18
B2000_seed43,B2000,43,0.5,0.0,142.14281743401895,0.2
B2000_seed43,B2000,43,0.5,0.05,134.86841991113266,0.06
B2000_seed43,B2000,43,0.5,0.1,102.93871668842854,0.06
B2000_seed43,B2000,43,0.5,0.15,65.58237198470859,0.12
B2000_seed43,B2000,43,0.8,0.0,113.43354805920507,0.12
B2000_seed43,B2000,43,0.8,0.05,103.01510190484812,0.14
B2000_seed43,B2000,43,0.8,0.1,80.62132397432346,0.08
B2000_seed43,B2000,43,0.8,0.15,55.99135261282325,0.02
B2000_seed43,B2000,43,1.0,0.0,95.26843887116061,0.12
B2000_seed43,B2000,43,1.0,0.05,88.98432137786877,0.12
B2000_seed43,B2000,43,1.0,0.1,67.12778053801507,0.14
B2000_seed43,B2000,43,1.0,0.15,43.463082599382616,0.12
C_seed43,C,43,0.2,0.0,78.7455954882945,0.0
C_seed43,C,43,0.2,0.05,67.0885533278319,0.02
C_seed43,C,43,0.2,0.1,46.87224509381456,0.08
C_seed43,C,43,0.2,0.15,45.57173121609725,0.06
C_seed43,C,43,0.3,0.0,106.24271126132459,0.0
C_seed43,C,43,0.3,0.05,85.66644137711496,0.02
C_seed43,C,43,0.3,0.1,57.56022082133684,0.02
C_seed43,C,43,0.3,0.15,48.37387867270969,0.14
C_seed43,C,43,0.5,0.0,121.18182668417226,0.0
C_seed43,C,43,0.5,0.05,97.53783415441868,0.0
C_seed43,C,43,0.5,0.1,60.0203131368733,0.08
C_seed43,C,43,0.5,0.15,44.77247210368747,0.14
C_seed43,C,43,0.8,0.0,92.29862728934036,0.08
C_seed43,C,43,0.8,0.05,84.80977220074972,0.02
C_seed43,C,43,0.8,0.1,53.70234485326568,0.08
C_seed43,C,43,0.8,0.15,36.76052323945915,0.14
C_seed43,C,43,1.0,0.0,87.60562882920028,0.06
C_seed43,C,43,1.0,0.05,72.30583589359419,0.1
C_seed43,C,43,1.0,0.1,50.27299866104731,0.14
C_seed43,C,43,1.0,0.15,35.23818266500835,0.24
D_seed43,D,43,0.2,0.0,111.72035832877503,0.34
D_seed43,D,43,0.2,0.05,110.90032935918775,0.12
D_seed43,D,43,0.2,0.1,86.32321144096845,0.04
D_seed43,D,43,0.2,0.15,61.64636260950705,0.04
D_seed43,D,43,0.3,0.0,122.98524663210847,0.66
D_seed43,D,43,0.3,0.05,126.99322586250841,0.22
D_seed43,D,43,0.3,0.1,101.66431358687346,0.04
D_seed43,D,43,0.3,0.15,64.22307792365784,0.1
D_seed43,D,43,0.5,0.0,141.963666293344,0.22
D_seed43,D,43,0.5,0.05,139.24033736247335,0.02
D_seed43,D,43,0.5,0.1,104.90321912803455,0.04
D_seed43,D,43,0.5,0.15,62.25435945472447,0.16
D_seed43,D,43,0.8,0.0,113.76602585177403,0.08
D_seed43,D,43,0.8,0.05,101.27930570862955,0.16
D_seed43,D,43,0.8,0.1,78.95321046793367,0.12
D_seed43,D,43,0.8,0.15,50.10893593451474,0.18
D_seed43,D,43,1.0,0.0,95.38194411066826,0.14
D_seed43,D,43,1.0,0.05,87.99599607064621,0.1
D_seed43,D,43,1.0,0.1,65.98557316665305,0.14
D_seed43,D,43,1.0,0.15,45.76707941750996,0.06
E0_seed43,E0,43,0.2,0.0,92.75739238791168,0.0
E0_seed43,E0,43,0.2,0.05,80.06747846372426,0.06
E0_seed43,E0,43,0.2,0.1,70.54216078954283,0.12
E0_seed43,E0,43,0.2,0.15,53.615873841161374,0.16
E0_seed43,E0,43,0.3,0.0,128.26438471757575,0.0
E0_seed43,E0,43,0.3,0.05,105.67022846490144,0.04
E0_seed43,E0,43,0.3,0.1,81.03528083640849,0.14
E0_seed43,E0,43,0.3,0.15,52.50813979110913,0.24
E0_seed43,E0,43,0.5,0.0,131.52895274038192,0.08
E0_seed43,E0,43,0.5,0.05,121.79612065269612,0.04
E0_seed43,E0,43,0.5,0.1,85.40303155375179,0.12
E0_seed43,E0,43,0.5,0.15,52.56997473642696,0.14
E0_seed43,E0,43,0.8,0.0,100.09962578679668,0.18
E0_seed43,E0,43,0.8,0.05,95.41445934316842,0.1
E0_seed43,E0,43,0.8,0.1,69.44997827263782,0.12
E0_seed43,E0,43,0.8,0.15,42.80912093255669,0.14
E0_seed43,E0,43,1.0,0.0,78.95452437452506,0.26
E0_seed43,E0,43,1.0,0.05,82.2247472932795,0.12
E0_seed43,E0,43,1.0,0.1,64.29981679645367,0.04
E0_seed43,E0,43,1.0,0.15,34.38753955245716,0.22
E_seed43,E,43,0.2,0.0,54.684455707417804,1.0
E_seed43,E,43,0.2,0.05,85.553043430869,0.52
E_seed43,E,43,0.2,0.1,75.00567589306971,0.22
E_seed43,E,43,0.2,0.15,55.642247263439934,0.1
E_seed43,E,43,0.3,0.0,86.87965679021552,0.8
E_seed43,E,43,0.3,0.05,116.09503612524597,0.3
E_seed43,E,43,0.3,0.1,93.20709737453377,0.14
E_seed43,E,43,0.3,0.15,57.005837583120446,0.1
E_seed43,E,43,0.5,0.0,151.44367638262688,0.04
E_seed43,E,43,0.5,0.05,143.7241926473938,0.02
E_seed43,E,43,0.5,0.1,111.05514758899575,0.04
E_seed43,E,43,0.5,0.15,56.399155080337074,0.16
E_seed43,E,43,0.8,0.0,119.3398641994549,0.3
E_seed43,E,43,0.8,0.05,120.33012806577142,0.08
E_seed43,E,43,0.8,0.1,89.99745023760711,0.04
E_seed43,E,43,0.8,0.15,42.97577131456637,0.14
E_seed43,E,43,1.0,0.0,104.56567233195062,0.08
E_seed43,E,43,1.0,0.05,95.73641475580865,0.02
E_seed43,E,43,1.0,0.1,72.51999928260688,0.02
E_seed43,E,43,1.0,0.15,39.70595071114949,0.02
E2_seed43,E2,43,0.2,0.0,74.08513127785875,0.38
E2_seed43,E2,43,0.2,0.05,70.9724353651749,0.26
E2_seed43,E2,43,0.2,0.1,56.95522622679826,0.48
E2_seed43,E2,43,0.2,0.15,52.27486750086071,0.3
E2_seed43,E2,43,0.3,0.0,113.11752446763276,0.16
E2_seed43,E2,43,0.3,0.05,98.48113757494255,0.24
E2_seed43,E2,43,0.3,0.1,72.66461030196515,0.46
E2_seed43,E2,43,0.3,0.15,63.581193498063364,0.38
E2_seed43,E2,43,0.5,0.0,127.89364759151184,0.5
E2_seed43,E2,43,0.5,0.05,130.16698408471422,0.32
E2_seed43,E2,43,0.5,0.1,97.2955388425896,0.3
E2_seed43,E2,43,0.5,0.15,68.10475960529118,0.4
E2_seed43,E2,43,0.8,0.0,101.03720063204877,0.74
E2_seed43,E2,43,0.8,0.05,98.45979699781397,0.5
E2_seed43,E2,43,0.8,0.1,87.43404152786127,0.2
E2_seed43,E2,43,0.8,0.15,59.28129428927321,0.28
E2_seed43,E2,43,1.0,0.0,84.8358509095828,0.78
E2_seed43,E2,43,1.0,0.05,88.1190146020701,0.42
E2_seed43,E2,43,1.0,0.1,71.10332766915322,0.3
E2_seed43,E2,43,1.0,0.15,49.27663814853004,0.26
A_seed44,A,44,0.2,0.0,41.19460507033626,0.06
A_seed44,A,44,0.2,0.05,39.53098531868775,0.18
A_seed44,A,44,0.2,0.1,31.204436029007194,0.12
A_seed44,A,44,0.2,0.15,30.484601227862296,0.22
A_seed44,A,44,0.3,0.0,46.54573101751507,0.1
A_seed44,A,44,0.3,0.05,52.83489342204062,0.1
A_seed44,A,44,0.3,0.1,34.46358359574108,0.14
A_seed44,A,44,0.3,0.15,34.544784131126946,0.14
A_seed44,A,44,0.5,0.0,59.97092473507626,0.12
A_seed44,A,44,0.5,0.05,62.05066874062643,0.08
A_seed44,A,44,0.5,0.1,41.33158892978216,0.06
A_seed44,A,44,0.5,0.15,24.931744568380527,0.12
A_seed44,A,44,0.8,0.0,84.43597254976397,0.24
A_seed44,A,44,0.8,0.05,74.13427874275017,0.16
A_seed44,A,44,0.8,0.1,40.66609299548902,0.16
A_seed44,A,44,0.8,0.15,20.76058537213743,0.06
A_seed44,A,44,1.0,0.0,86.97666502339067,0.28
A_seed44,A,44,1.0,0.05,71.44752121746541,0.18
A_seed44,A,44,1.0,0.1,37.12597542639822,0.04
A_seed44,A,44,1.0,0.15,17.022759663276375,0.04
B_seed44,B,44,0.2,0.0,79.04815067020944,0.02
B_seed44,B,44,0.2,0.05,66.65087299411826,0.02
B_seed44,B,44,0.2,0.1,52.08316272606142,0.06
B_seed44,B,44,0.2,0.15,52.9072230425154,0.44
B_seed44,B,44,0.3,0.0,88.79761004706147,0.02
B_seed44,B,44,0.3,0.05,73.04372011916712,0.06
B_seed44,B,44,0.3,0.1,57.42018638994952,0.14
B_seed44,B,44,0.3,0.15,61.214543076234406,0.42
B_seed44,B,44,0.5,0.0,91.58953905938426,0.04
B_seed44,B,44,0.5,0.05,77.09344078200171,0.04
B_seed44,B,44,0.5,0.1,58.71097304084571,0.08
B_seed44,B,44,0.5,0.15,53.57257486276561,0.2
B_seed44,B,44,0.8,0.0,88.4937146288692,0.1
B_seed44,B,44,0.8,0.05,74.26417634094133,0.06
B_seed44,B,44,0.8,0.1,59.09523932070064,0.1
B_seed44,B,44,0.8,0.15,37.43168003998231,0.08
B_seed44,B,44,1.0,0.0,72.90784104296006,0.34
B_seed44,B,44,1.0,0.05,71.44752748249331,0.16
B_seed44,B,44,1.0,0.1,56.27183157884691,0.12
B_seed44,B,44,1.0,0.15,37.65608734518988,0.08
B2000_seed44,B2000,44,0.2,0.0,81.89037754755002,0.04
B2000_seed44,B2000,44,0.2,0.05,67.45884897346957,0.02
B2000_seed44,B2000,44,0.2,0.1,52.48072063708911,0.12
B2000_seed44,B2000,44,0.2,0.15,47.911717190710476,0.54
B2000_seed44,B2000,44,0.3,0.0,90.47686221363256,0.02
B2000_seed44,B2000,44,0.3,0.05,75.73765238152002,0.04
B2000_seed44,B2000,44,0.3,0.1,56.01764872323256,0.12
B2000_seed44,B2000,44,0.3,0.15,60.22435516581871,0.3
B2000_seed44,B2000,44,0.5,0.0,91.69754451006418,0.04
B2000_seed44,B2000,44,0.5,0.05,79.76862342598731,0.06
B2000_seed44,B2000,44,0.5,0.1,55.98500057800207,0.14
B2000_seed44,B2000,44,0.5,0.15,57.60034803674178,0.28
B2000_seed44,B2000,44,0.8,0.0,90.29272851693676,0.18
B2000_seed44,B2000,44,0.8,0.05,74.41425721208681,0.12
B2000_seed44,B2000,44,0.8,0.1,56.477567330518504,0.26
B2000_seed44,B2000,44,0.8,0.15,39.84563428847003,0.14
B2000_seed44,B2000,44,1.0,0.0,77.46034585644142,0.2
B2000_seed44,B2000,44,1.0,0.05,71.63636581339175,0.14
B2000_seed44,B2000,44,1.0,0.1,55.304246227969415,0.08
B2000_seed44,B2000,44,1.0,0.15,39.495438095597784,0.06
C_seed44,C,44,0.2,0.0,98.20440895893378,0.0
C_seed44,C,44,0.2,0.05,78.46115256092745,0.0
C_seed44,C,44,0.2,0.1,50.32978820121847,0.06
C_seed44,C,44,0.2,0.15,38.62627263497794,0.2
C_seed44,C,44,0.3,0.0,112.0672207096382,0.0
C_seed44,C,44,0.3,0.05,90.94405215417501,0.0
C_seed44,C,44,0.3,0.1,54.88876430430799,0.02
C_seed44,C,44,0.3,0.15,39.397358384109104,0.26
C_seed44,C,44,0.5,0.0,114.16324299053987,0.02
C_seed44,C,44,0.5,0.05,89.55455708983122,0.02
C_seed44,C,44,0.5,0.1,64.83971863148035,0.02
C_seed44,C,44,0.5,0.15,43.38424083763035,0.22
C_seed44,C,44,0.8,0.0,89.67130297879689,0.08
C_seed44,C,44,0.8,0.05,76.31059004775248,0.12
C_seed44,C,44,0.8,0.1,52.15071083899588,0.14
C_seed44,C,44,0.8,0.15,29.270080969268456,0.24
C_seed44,C,44,1.0,0.0,79.33481002422981,0.1
C_seed44,C,44,1.0,0.05,70.4112106081727,0.12
C_seed44,C,44,1.0,0.1,46.511500196608246,0.24
C_seed44,C,44,1.0,0.15,24.152383875673404,0.2
D_seed44,D,44,0.2,0.0,80.8629071700503,0.02
D_seed44,D,44,0.2,0.05,64.96817993289325,0.06
D_seed44,D,44,0.2,0.1,52.93302982989,0.12
D_seed44,D,44,0.2,0.15,54.08458521095221,0.32
D_seed44,D,44,0.3,0.0,88.10547608599067,0.0
D_seed44,D,44,0.3,0.05,72.82862498497241,0.06
D_seed44,D,44,0.3,0.1,51.89666981524089,0.14
D_seed44,D,44,0.3,0.15,58.708316777723375,0.42
D_seed44,D,44,0.5,0.0,91.21406843974721,0.08
D_seed44,D,44,0.5,0.05,75.7009876735555,0.08
D_seed44,D,44,0.5,0.1,59.87219294477254,0.1
D_seed44,D,44,0.5,0.15,56.14605720499065,0.28
D_seed44,D,44,0.8,0.0,87.93747443265165,0.2
D_seed44,D,44,0.8,0.05,68.98077900645904,0.24
D_seed44,D,44,0.8,0.1,57.6461850438593,0.16
D_seed44,D,44,0.8,0.15,39.15683557484532,0.24
D_seed44,D,44,1.0,0.0,78.19597379533342,0.22
D_seed44,D,44,1.0,0.05,69.39047421624477,0.2
D_seed44,D,44,1.0,0.1,52.54902288746205,0.2
D_seed44,D,44,1.0,0.15,37.76104934135452,0.18
E0_seed44,E0,44,0.2,0.0,67.4512552947679,1.0
E0_seed44,E0,44,0.2,0.05,87.03919278296176,0.2
E0_seed44,E0,44,0.2,0.1,69.15329802362015,0.1
E0_seed44,E0,44,0.2,0.15,47.891100129141705,0.2
E0_seed44,E0,44,0.3,0.0,79.3679921489465,1.0
E0_seed44,E0,44,0.3,0.05,102.39265053363516,0.22
E0_seed44,E0,44,0.3,0.1,80.6783505248581,0.02
E0_seed44,E0,44,0.3,0.15,50.21183265351574,0.24
E0_seed44,E0,44,0.5,0.0,119.51258152929367,0.06
E0_seed44,E0,44,0.5,0.05,110.5922895618109,0.08
E0_seed44,E0,44,0.5,0.1,83.0999468606792,0.04
E0_seed44,E0,44,0.5,0.15,47.20879965733271,0.14
E0_seed44,E0,44,0.8,0.0,90.42368263808545,0.2
E0_seed44,E0,44,0.8,0.05,97.05305434683105,0.1
E0_seed44,E0,44,0.8,0.1,64.54907967109,0.22
E0_seed44,E0,44,0.8,0.15,41.729942702562255,0.14
E0_seed44,E0,44,1.0,0.0,74.10231070992072,0.32
E0_seed44,E0,44,1.0,0.05,84.5211353616137,0.14
E0_seed44,E0,44,1.0,0.1,62.51020321161719,0.06
E0_seed44,E0,44,1.0,0.15,39.36547855570447,0.1
E_seed44,E,44,0.2,0.0,106.07410795103759,0.22
E_seed44,E,44,0.2,0.05,103.2193014913227,0.08
E_seed44,E,44,0.2,0.1,71.78794156433781,0.14
E_seed44,E,44,0.2,0.15,48.89219543883926,0.2
E_seed44,E,44,0.3,0.0,121.67308743600034,0.14
E_seed44,E,44,0.3,0.05,110.55554143986839,0.02
E_seed44,E,44,0.3,0.1,72.23267056820856,0.18
E_seed44,E,44,0.3,0.15,46.986161680113874,0.28
E_seed44,E,44,0.5,0.0,128.72242443518016,0.04
E_seed44,E,44,0.5,0.05,106.38673382974405,0.12
E_seed44,E,44,0.5,0.1,72.82449334370787,0.12
E_seed44,E,44,0.5,0.15,43.18885128317575,0.2
E_seed44,E,44,0.8,0.0,109.11730572464992,0.2
E_seed44,E,44,0.8,0.05,97.9767095626163,0.14
E_seed44,E,44,0.8,0.1,53.696162114536854,0.3
E_seed44,E,44,0.8,0.15,34.54444640153437,0.34
E_seed44,E,44,1.0,0.0,110.34181189045893,0.08
E_seed44,E,44,1.0,0.05,93.21794275435154,0.12
E_seed44,E,44,1.0,0.1,52.40245053918101,0.24
E_seed44,E,44,1.0,0.15,33.5002275027812,0.24
E2_seed44,E2,44,0.2,0.0,86.64676504528674,0.08
E2_seed44,E2,44,0.2,0.05,80.80764438458951,0.28
E2_seed44,E2,44,0.2,0.1,68.70083882079533,0.22
E2_seed44,E2,44,0.2,0.15,62.00489664174151,0.58
E2_seed44,E2,44,0.3,0.0,97.13293236086669,0.2
E2_seed44,E2,44,0.3,0.05,95.69014079166809,0.12
E2_seed44,E2,44,0.3,0.1,79.83126153210716,0.38
E2_seed44,E2,44,0.3,0.15,83.32448725211026,0.58
E2_seed44,E2,44,0.5,0.0,120.53890726268175,0.1
E2_seed44,E2,44,0.5,0.05,96.9780761082773,0.18
E2_seed44,E2,44,0.5,0.1,82.05302144959408,0.18
E2_seed44,E2,44,0.5,0.15,90.75497875087196,0.42
E2_seed44,E2,44,0.8,0.0,108.63109250188688,0.26
E2_seed44,E2,44,0.8,0.05,90.43272843299667,0.18
E2_seed44,E2,44,0.8,0.1,75.78832574368761,0.14
E2_seed44,E2,44,0.8,0.15,69.82650213759392,0.24
E2_seed44,E2,44,1.0,0.0,95.3297490379517,0.38
E2_seed44,E2,44,1.0,0.05,87.0188303978555,0.12
E2_seed44,E2,44,1.0,0.1,60.296093743625825,0.2
E2_seed44,E2,44,1.0,0.15,53.5208357450529,0.2
