policy,condition,seed,env,reward_mean,reward_std,nonfinite_envs,fall_rate,distance_m,speed_mps,steps,alpha_mean,base_norm,applied_norm
A_ref,A_ref,42,Flat,134.89877145058358,27.74402646035814,0,0.04,136.7824733756092,8.552626005214433,925.4200000000001,,,
A_ref,A_ref,42,T1,7.272251201772597,3.596339983340586,0,0.03,1.482266916888455,0.12155778818607814,935.04,,,
A_ref,A_ref,42,T2,60.80810080575407,5.287291195531762,0,0.0,65.43218690219955,4.089511681387472,960.0,,,
A_ref,A_ref,42,T3,7.704334596885602,4.43692260106467,0,0.04,2.862104793924217,0.197775344590714,935.87,,,
A_ref,A_ref,42,T4,9.151680427710525,6.028886850662494,0,0.28,6.276960230045639,0.6429286435621697,765.48,,,
A_seed42,A,42,Flat,136.8258165371197,31.561474222172546,0,0.05,138.29306715852394,8.643000970397003,916.84,,,
A_seed42,A,42,T1,7.871054712813348,3.1819237019543998,0,0.01,1.8182564964834598,0.12367733428222384,951.66,,,
A_seed42,A,42,T2,59.68215315071866,6.2655248438627344,0,0.0,64.19234121273146,4.0120213257957165,960.0,,,
A_seed42,A,42,T3,8.415153623613296,4.0947797170433775,0,0.04,3.311671848542366,0.22423540155052413,939.49,,,
A_seed42,A,42,T4,9.769399807045701,8.232358308157252,0,0.33,7.394858652732646,0.7355979647844757,755.22,,,
B_seed42,B,42,Flat,108.04387143091765,19.505763234841886,0,0.04,106.51775157969129,6.673811227708937,932.78,,,
B_seed42,B,42,T1,24.213958194237204,19.068485256859677,0,0.02,16.223355315724383,1.0205653782788275,957.63,,,
B_seed42,B,42,T2,97.67343460252509,2.82127093305931,0,0.0,94.77392747067155,5.923370466916972,960.0,,,
B_seed42,B,42,T3,27.331020366471932,23.507798290267825,0,0.12,19.828202290225764,1.375208017578552,933.5600000000001,,,
B_seed42,B,42,T4,43.67572159146854,25.36993025542297,0,0.21,41.97894687250257,2.8697580423619717,815.4200000000001,,,
B2000_seed42,B2000,42,Flat,108.28792084588669,20.360598465148286,0,0.04,106.38145795305937,6.687416778869853,928.96,,,
B2000_seed42,B2000,42,T1,24.704076878741034,20.919644392768248,0,0.0,16.819584470740207,1.051224029421263,960.0,,,
B2000_seed42,B2000,42,T2,97.13894628613663,2.9865460871565017,0,0.0,94.36282787836832,5.89767674239802,960.0,,,
B2000_seed42,B2000,42,T3,27.323593620958274,22.75913620872377,0,0.1,19.718037575083468,1.398198691501584,932.64,,,
B2000_seed42,B2000,42,T4,46.48310423286865,26.677603650559302,0,0.23,44.66674241257769,3.0042663239132192,817.75,,,
C_seed42,C,42,Flat,60.519197893561795,18.089245674162786,0,0.09,58.3252019438787,3.6806825329799358,884.9,,,
C_seed42,C,42,T1,19.28888974945934,10.89595434865824,0,0.12,13.452803267579526,0.9643818566943029,875.19,,,
C_seed42,C,42,T2,58.570830089334635,2.629757477370103,0,0.0,54.34952033797279,3.3968450211232994,960.0,,,
C_seed42,C,42,T3,28.82594870523724,10.248430780813198,0,0.02,23.580995245577142,1.4900658436331236,948.99,,,
C_seed42,C,42,T4,28.18214963995066,15.894478218785942,0,0.12,24.435350689211237,1.5846996490591603,868.63,,,
D_seed42,D,42,Flat,108.16382118803566,20.721803957423084,0,0.04,106.23358815886695,6.677612330949601,928.48,0.01758014369716915,1.4213523323637225,0.013422776597535813
D_seed42,D,42,T1,23.54305767986516,19.148001791988357,0,0.02,15.880512223605683,1.0204115934388533,946.0500000000001,0.25718768957084814,1.116719306819783,0.16083908826741666
D_seed42,D,42,T2,95.48603627046046,3.904785524487261,0,0.01,92.61101798421385,5.800165521486796,957.85,0.11336016315935155,1.2564663894850834,0.07202703679514608
D_seed42,D,42,T3,26.73368269003462,22.329539081592472,0,0.12,19.092552557000882,1.3728433474376847,925.33,0.19361099342778443,1.0816348393427344,0.1303673225834545
D_seed42,D,42,T4,52.037027297091626,23.364585565033924,0,0.16,50.53773651097589,3.288829559393794,860.78,0.3397007356454052,1.4592875355408186,0.2213365301147638
E0_seed42,E0,42,Flat,104.16106749155675,23.92326850783142,0,0.05,103.82532451250088,6.497564853664921,916.64,,,
E0_seed42,E0,42,T1,34.56264061494614,16.592950487879456,0,0.0,30.40157002342492,1.9000981264640575,960.0,,,
E0_seed42,E0,42,T2,108.00229432821216,3.1326249978844705,0,0.0,105.90644891382074,6.619153057113796,960.0,,,
E0_seed42,E0,42,T3,48.02983468413353,21.227375774350765,0,0.13,44.29939867814878,2.8788413721945045,926.15,,,
E0_seed42,E0,42,T4,43.243342082300806,24.572689036476426,0,0.24,41.36554974772781,2.839451699074208,836.21,,,
E_seed42,E,42,Flat,110.29401509459713,26.355022416776155,0,0.07,108.10199901123961,6.796549353740036,910.97,,,
E_seed42,E,42,T1,40.74489144700958,11.258403586352578,0,0.07,37.71648598036914,2.3910311493062766,937.5600000000001,,,
E_seed42,E,42,T2,113.654984373966,8.607159585432788,0,0.0,112.83188049317461,7.051992530823413,960.0,,,
E_seed42,E,42,T3,46.788945714503065,18.70202188712629,0,0.13,44.615161691511055,2.911860850900471,901.96,,,
E_seed42,E,42,T4,50.76117324620544,20.89211214560618,0,0.13,48.1210972013312,3.063897878508707,877.94,,,
A_seed43,A,43,Flat,140.8362808228936,35.70098373379403,0,0.06,145.55485155560697,9.113682019654245,907.76,,,
A_seed43,A,43,T1,10.936154848209117,5.960780919334396,0,0.0,4.15604032824561,0.25975252051535064,960.0,,,
A_seed43,A,43,T2,51.22244837869075,10.055739371814653,0,0.0,54.55912057567076,3.4099450359794226,960.0,,,
A_seed43,A,43,T3,12.77326233540196,8.240642081146108,0,0.01,7.294522070643179,0.46356678328237666,956.28,,,
A_seed43,A,43,T4,25.581617451892235,21.624545921619784,0,0.11,23.90137347914154,1.5436503019834085,897.51,,,
B_seed43,B,43,Flat,98.51750477363821,25.71676824386861,0,0.07,97.2227373533379,6.112967964453747,902.96,,,
B_seed43,B,43,T1,25.106368354292353,23.135262338915716,0,0.0,17.69765087017479,1.1061031793859244,960.0,,,
B_seed43,B,43,T2,119.42539683666314,4.582334025250461,0,0.0,117.74988563783035,7.359367852364397,960.0,,,
B_seed43,B,43,T3,31.04808015001705,29.21446363826386,0,0.12,24.605952896644048,1.6365023878388871,931.25,,,
B_seed43,B,43,T4,54.21462869444513,22.656822435104335,0,0.11,52.066154460526995,3.385156664669736,903.4300000000001,,,
B2000_seed43,B2000,43,Flat,100.46344944778365,23.26120841513626,0,0.05,99.61110841306605,6.245889428993455,915.39,,,
B2000_seed43,B2000,43,T1,27.046530284179607,23.783221301416084,0,0.02,20.253186659698056,1.2958896143289211,949.36,,,
B2000_seed43,B2000,43,T2,119.5396038535214,3.0471862684908424,0,0.0,118.03859138189446,7.377411961368404,960.0,,,
B2000_seed43,B2000,43,T3,32.81503758335719,32.75939371022609,0,0.12,26.64192943661722,1.7716778967619484,926.66,,,
B2000_seed43,B2000,43,T4,54.80170860245242,24.224843756721512,0,0.16,53.02530353935683,3.483107291284952,878.33,,,
C_seed43,C,43,Flat,95.73149838621553,28.054453423668082,0,0.08,93.7347048126912,5.879686636150297,889.45,,,
C_seed43,C,43,T1,22.300755546457367,14.79827272466581,0,0.24,18.67522248762101,1.3738282857829618,810.72,,,
C_seed43,C,43,T2,91.97566763439914,2.58062249708213,0,0.0,90.95466320154617,5.6846664500966355,960.0,,,
C_seed43,C,43,T3,26.904795859683073,15.149274180069199,0,0.15,23.389607205502067,1.6160240144767068,874.54,,,
C_seed43,C,43,T4,37.996933252217424,18.138879890367345,0,0.21,34.10398275512145,2.315269046745334,845.94,,,
D_seed43,D,43,Flat,100.5957189336163,23.17614431993815,0,0.05,99.8047679185091,6.257989927305401,915.39,0.02226464693862719,1.3342236058927812,0.013337903059584506
D_seed43,D,43,T1,25.513644388801186,22.18069765871689,0,0.02,18.885973776149864,1.1967464647442274,952.71,0.22606935405731243,1.1328164635275035,0.12573318798053362
D_seed43,D,43,T2,118.75095371187665,4.008320934593692,0,0.0,117.39676065886708,7.3372975411791925,960.0,0.10765714670084785,1.3707383420484454,0.06564314940701617
D_seed43,D,43,T3,32.82528296049451,31.6481024184992,0,0.14,26.71711237766966,1.8088946432899877,917.0500000000001,0.17953040727435407,1.0904091797709825,0.11108551129841715
D_seed43,D,43,T4,51.78784463580698,26.43590299585801,0,0.21,50.804733898199466,3.391164196239365,857.98,0.2905995480801154,1.37479538448131,0.18237631552138037
E0_seed43,E0,43,Flat,103.17348333137227,22.104876052445903,0,0.06,104.53813701901638,6.563758549691909,920.3100000000001,,,
E0_seed43,E0,43,T1,36.20713598149363,13.70417503882066,0,0.05,33.45583497858793,2.1034736317709424,936.08,,,
E0_seed43,E0,43,T2,98.95457991548581,10.371383347388656,0,0.0,99.18083044997974,6.198801903123734,960.0,,,
E0_seed43,E0,43,T3,48.780780766225654,19.355413847904288,0,0.12,46.13972352518141,2.9741336989383864,920.97,,,
E0_seed43,E0,43,T4,37.879004080173324,23.938043986968307,0,0.12,36.929451474646726,2.3658164543073807,888.27,,,
E_seed43,E,43,Flat,118.14706597910612,24.647421962644664,0,0.04,120.53002038868327,7.538829904646753,924.7,,,
E_seed43,E,43,T1,36.5058006695169,15.8647411779751,0,0.04,34.19554265097777,2.167636850944529,936.95,,,
E_seed43,E,43,T2,94.5954112524155,7.816016329606847,0,0.0,95.46591643006978,5.966619776879361,960.0,,,
E_seed43,E,43,T3,51.25740799478932,26.804303338592817,0,0.1,49.573894067961085,3.2073682890431394,920.8100000000001,,,
E_seed43,E,43,T4,42.26977270849224,22.875535910743007,0,0.17,42.38599114503587,2.7613612734279185,857.13,,,
A_seed44,A,44,Flat,145.44892046701048,34.718287565851604,0,0.06,149.84245563118535,9.409113907623762,913.07,,,
A_seed44,A,44,T1,10.568042469581705,8.14395246701981,0,0.0,6.035622341387595,0.37722639633672467,960.0,,,
A_seed44,A,44,T2,77.45386914468313,7.0582175776051805,0,0.0,79.21993089666032,4.95124568104127,960.0,,,
A_seed44,A,44,T3,10.935724708896014,9.116587586144924,0,0.01,7.159063086798414,0.4623874823889827,952.84,,,
A_seed44,A,44,T4,21.52530133200926,17.495281554710868,0,0.12,19.409229635735976,1.302235789457449,890.12,,,
B_seed44,B,44,Flat,123.64563134284573,25.53679499243069,0,0.04,123.54722743267315,7.7330331394070555,925.24,,,
B_seed44,B,44,T1,18.310505423718133,14.853987431386638,0,0.03,10.281880112693331,0.6697008212456472,943.1700000000001,,,
B_seed44,B,44,T2,117.07057131215959,2.015383793739878,0,0.0,117.9484755064895,7.371779719155594,960.0,,,
B_seed44,B,44,T3,21.663388103803154,18.45686350322441,0,0.05,14.273326691159353,0.9675548440428989,931.88,,,
B_seed44,B,44,T4,40.37660800605489,21.24924643627117,0,0.26,38.18586878401537,2.67252354205487,825.26,,,
B2000_seed44,B2000,44,Flat,122.03844736823346,26.6174467277135,0,0.05,122.14154512279791,7.670895186546488,920.62,,,
B2000_seed44,B2000,44,T1,18.731570979618702,15.203609359536596,0,0.04,10.506938052862884,0.698195524764707,939.8100000000001,,,
B2000_seed44,B2000,44,T2,116.51016561813886,1.6965798533777952,0,0.0,117.60570592794139,7.350356620496337,960.0,,,
B2000_seed44,B2000,44,T3,21.137300945408644,18.27577563550396,0,0.03,14.301518092893682,0.928811830815981,940.46,,,
B2000_seed44,B2000,44,T4,35.91226288901846,22.587261278757822,0,0.29,34.314676762400815,2.4946161529609876,801.49,,,
C_seed44,C,44,Flat,95.93976568870771,26.271335349339363,0,0.07,95.13951600735383,5.967218010429668,898.95,,,
C_seed44,C,44,T1,15.756059535315726,13.737392410127432,0,0.25,14.542737494387357,1.1581259609534802,817.75,,,
C_seed44,C,44,T2,102.16730217646342,1.836599444770861,0,0.0,102.76968787007469,6.423105491879668,960.0,,,
C_seed44,C,44,T3,25.006122117189225,18.306432985427826,0,0.2,23.70442491868821,1.6831799090963597,843.9300000000001,,,
C_seed44,C,44,T4,25.211934574589833,19.58205079961924,0,0.28,22.57814367273325,1.7107903788030239,765.64,,,
D_seed44,D,44,Flat,122.73141789139598,25.997552670703758,0,0.05,122.84717012410488,7.717623966753343,921.57,0.021534673132770507,1.2945707458931668,0.012803489721641453
D_seed44,D,44,T1,19.640869338467603,14.723069321796228,0,0.03,11.193372945149118,0.7385319013232915,947.7,0.20342689622563678,0.6778522389693995,0.1035652385952466
D_seed44,D,44,T2,116.76808170251316,1.8454470811493884,0,0.0,117.8540451387298,7.365877821170613,960.0,0.024215506781725366,1.4289806093609272,0.011735683951038944
D_seed44,D,44,T3,21.18677836643008,17.92022762710218,0,0.04,14.40561054420657,0.9443583316032138,941.1800000000001,0.20413564490600544,0.6446844151176327,0.10792957893394832
D_seed44,D,44,T4,35.73026509075484,24.61311816928706,0,0.24,34.35664030723584,2.363159413385552,815.97,0.4500020359472691,1.2787701223120052,0.26294930804941
E0_seed44,E0,44,Flat,99.68729817681248,20.865773291844086,0,0.04,96.95614945551688,6.053275687792996,925.04,,,
E0_seed44,E0,44,T1,36.02933041281649,17.60332734118752,0,0.13,32.968699563962716,2.1384434854253436,897.0500000000001,,,
E0_seed44,E0,44,T2,105.26280465440709,1.9224973281789204,0,0.0,99.63663510837334,6.227289694273334,960.0,,,
E0_seed44,E0,44,T3,43.81083908846427,21.102362809949497,0,0.19,41.45411028393979,2.7765944924314527,876.94,,,
E0_seed44,E0,44,T4,43.995132578894264,22.122302554637358,0,0.1,40.27326134297872,2.5630048113793764,886.91,,,
E_seed44,E,44,Flat,120.9611081327044,24.660725806176305,0,0.04,121.65477558277358,7.612591201114981,924.76,,,
E_seed44,E,44,T1,41.400433932833806,15.382387492913873,0,0.16,38.648549767125395,2.554717555993064,897.5500000000001,,,
E_seed44,E,44,T2,95.63021989544272,4.834867126066548,0,0.0,93.23162736778704,5.82697671048669,960.0,,,
E_seed44,E,44,T3,46.32584253821697,17.224168390568522,0,0.19,43.16906144412171,2.879977549834881,883.83,,,
E_seed44,E,44,T4,46.11343232279556,24.931383846913512,0,0.2,44.5029468373234,2.921453359928615,860.84,,,
